Video_ID,Channel_Name,Title,Views,Likes,Comments,City,Category,Upload_Date
VID1000,Madras Samayal,Snacks in Chennai #219,5363,2768,744,Chennai,Snacks,2023-04-22
VID1001,Madras Samayal,Snacks in Coimbatore #975,134004,4123,60,Coimbatore,Snacks,2023-02-18
VID1002,Foodie Tamilan,Traditional Meals in Chennai #465,19730,3072,629,Chennai,Traditional Meals,2023-02-22
VID1003,Village Food Factory,Snacks in Madurai #102,100527,3849,862,Madurai,Snacks,2023-06-14
VID1004,Foodie Tamilan,Traditional Meals in Salem #439,57716,3732,73,Salem,Traditional Meals,2023-03-06
VID1005,Madras Samayal,Traditional Meals in Coimbatore #782,144857,3364,998,Coimbatore,Traditional Meals,2023-01-16
VID1006,Foodie Tamilan,Restaurant Reviews in Madurai #24,83920,660,614,Madurai,Restaurant Reviews,2023-03-21
VID1007,Anbu Samayal,Snacks in Coimbatore #709,106281,2875,902,Coimbatore,Snacks,2023-05-21
VID1008,Anbu Samayal,Street Food in Coimbatore #699,86060,4473,770,Coimbatore,Street Food,2023-06-05
VID1009,Village Food Factory,Snacks in Coimbatore #531,45484,2331,362,Coimbatore,Snacks,2023-05-02
VID1010,Madras Samayal,Restaurant Reviews in Chennai #20,108443,1919,68,Chennai,Restaurant Reviews,2023-04-10
VID1011,Madras Samayal,Village Cooking in Tiruchirapalli #230,28463,4206,449,Tiruchirapalli,Village Cooking,2023-04-17
VID1012,Madras Samayal,Traditional Meals in Chennai #785,7823,1314,425,Chennai,Traditional Meals,2023-02-18
VID1013,Foodie Tamilan,Snacks in Chennai #528,139163,4015,905,Chennai,Snacks,2023-01-25
VID1014,Foodie Tamilan,Restaurant Reviews in Chennai #111,82972,2112,177,Chennai,Restaurant Reviews,2023-03-26
VID1015,Madras Samayal,Traditional Meals in Coimbatore #300,39707,4347,927,Coimbatore,Traditional Meals,2023-05-22
VID1016,Foodie Tamilan,Restaurant Reviews in Salem #743,149725,1940,304,Salem,Restaurant Reviews,2023-06-18
VID1017,Village Food Factory,Snacks in Coimbatore #719,117068,4847,683,Coimbatore,Snacks,2023-03-23
VID1018,Anbu Samayal,Traditional Meals in Tiruchirapalli #336,36998,173,250,Tiruchirapalli,Traditional Meals,2023-04-26
VID1019,Anbu Samayal,Snacks in Coimbatore #117,52669,2393,512,Coimbatore,Snacks,2023-05-18
VID1020,Anbu Samayal,Traditional Meals in Coimbatore #774,71507,911,655,Coimbatore,Traditional Meals,2023-04-19
VID1021,Foodie Tamilan,Restaurant Reviews in Salem #332,125342,4055,735,Salem,Restaurant Reviews,2023-03-01
VID1022,Village Food Factory,Snacks in Chennai #552,136811,2720,10,Chennai,Snacks,2023-06-19
VID1023,Madras Samayal,Traditional Meals in Chennai #999,70734,2050,470,Chennai,Traditional Meals,2023-02-10
VID1024,Foodie Tamilan,Snacks in Tiruchirapalli #286,130940,1115,312,Tiruchirapalli,Snacks,2023-04-15
VID1025,Foodie Tamilan,Street Food in Tiruchirapalli #740,113711,1194,731,Tiruchirapalli,Street Food,2023-04-01
VID1026,Foodie Tamilan,Restaurant Reviews in Salem #771,66366,1852,108,Salem,Restaurant Reviews,2023-03-15
VID1027,Chef Deena,Traditional Meals in Tiruchirapalli #434,39789,1749,489,Tiruchirapalli,Traditional Meals,2023-02-20
VID1028,Madras Samayal,Restaurant Reviews in Tiruchirapalli #459,38271,2694,574,Tiruchirapalli,Restaurant Reviews,2023-05-18
VID1029,Anbu Samayal,Traditional Meals in Coimbatore #52,54663,2713,217,Coimbatore,Traditional Meals,2023-06-02
VID1030,Chef Deena,Restaurant Reviews in Coimbatore #965,135876,2606,578,Coimbatore,Restaurant Reviews,2023-05-03
VID1031,Foodie Tamilan,Restaurant Reviews in Chennai #199,136844,660,665,Chennai,Restaurant Reviews,2023-01-13
VID1032,Madras Samayal,Snacks in Tiruchirapalli #721,116021,480,937,Tiruchirapalli,Snacks,2023-01-29
VID1033,Madras Samayal,Restaurant Reviews in Coimbatore #80,40389,105,748,Coimbatore,Restaurant Reviews,2023-01-26
VID1034,Madras Samayal,Snacks in Coimbatore #588,59805,204,834,Coimbatore,Snacks,2023-06-29
VID1035,Foodie Tamilan,Snacks in Tiruchirapalli #854,27644,1610,26,Tiruchirapalli,Snacks,2023-02-22
VID1036,Madras Samayal,Street Food in Chennai #853,13298,2158,176,Chennai,Street Food,2023-02-17
VID1037,Foodie Tamilan,Street Food in Madurai #123,89181,4105,522,Madurai,Street Food,2023-05-22
VID1038,Anbu Samayal,Traditional Meals in Madurai #684,37896,2987,384,Madurai,Traditional Meals,2023-06-14
VID1039,Chef Deena,Traditional Meals in Coimbatore #916,40150,4995,346,Coimbatore,Traditional Meals,2023-06-11
VID1040,Foodie Tamilan,Traditional Meals in Salem #873,46669,1607,492,Salem,Traditional Meals,2023-02-06
VID1041,Madras Samayal,Street Food in Tiruchirapalli #186,52880,300,525,Tiruchirapalli,Street Food,2023-03-10
VID1042,Madras Samayal,Traditional Meals in Salem #424,60667,3582,212,Salem,Traditional Meals,2023-04-22
VID1043,Chef Deena,Traditional Meals in Tiruchirapalli #50,97484,458,247,Tiruchirapalli,Traditional Meals,2023-03-15
VID1044,Village Food Factory,Village Cooking in Chennai #997,18813,3964,121,Chennai,Village Cooking,2023-03-27
VID1045,Chef Deena,Village Cooking in Chennai #270,55561,3464,133,Chennai,Village Cooking,2023-04-29
VID1046,Madras Samayal,Street Food in Madurai #601,75793,4228,303,Madurai,Street Food,2023-03-22
VID1047,Foodie Tamilan,Restaurant Reviews in Madurai #262,40303,4484,283,Madurai,Restaurant Reviews,2023-04-27
VID1048,Chef Deena,Village Cooking in Coimbatore #748,56523,3324,293,Coimbatore,Village Cooking,2023-01-21
VID1049,Village Food Factory,Restaurant Reviews in Madurai #147,45886,4005,481,Madurai,Restaurant Reviews,2023-01-07
VID1050,Foodie Tamilan,Snacks in Coimbatore #653,127264,993,437,Coimbatore,Snacks,2023-04-16
VID1051,Village Food Factory,Snacks in Coimbatore #166,96233,197,115,Coimbatore,Snacks,2023-06-25
VID1052,Village Food Factory,Village Cooking in Tiruchirapalli #56,27716,4080,56,Tiruchirapalli,Village Cooking,2023-02-04
VID1053,Anbu Samayal,Street Food in Chennai #371,85698,1102,242,Chennai,Street Food,2023-04-18
VID1054,Anbu Samayal,Traditional Meals in Chennai #673,23700,2654,398,Chennai,Traditional Meals,2023-02-07
VID1055,Madras Samayal,Restaurant Reviews in Madurai #647,87444,3524,276,Madurai,Restaurant Reviews,2023-06-13
VID1056,Village Food Factory,Street Food in Salem #230,61269,4303,755,Salem,Street Food,2023-03-25
VID1057,Madras Samayal,Snacks in Salem #927,8848,2379,804,Salem,Snacks,2023-03-09
VID1058,Chef Deena,Street Food in Chennai #571,29324,1413,971,Chennai,Street Food,2023-06-06
VID1059,Village Food Factory,Snacks in Coimbatore #710,6195,3696,406,Coimbatore,Snacks,2023-02-02
VID1060,Madras Samayal,Street Food in Coimbatore #711,10219,2861,527,Coimbatore,Street Food,2023-06-12
VID1061,Madras Samayal,Snacks in Chennai #284,30095,2794,307,Chennai,Snacks,2023-01-18
VID1062,Village Food Factory,Village Cooking in Coimbatore #237,23667,3072,325,Coimbatore,Village Cooking,2023-04-28
VID1063,Anbu Samayal,Snacks in Chennai #326,143339,2733,501,Chennai,Snacks,2023-01-21
VID1064,Madras Samayal,Snacks in Coimbatore #659,24499,1270,784,Coimbatore,Snacks,2023-03-09
VID1065,Anbu Samayal,Traditional Meals in Coimbatore #341,149976,4166,569,Coimbatore,Traditional Meals,2023-02-05
VID1066,Village Food Factory,Street Food in Salem #937,68111,4934,100,Salem,Street Food,2023-04-09
VID1067,Foodie Tamilan,Street Food in Madurai #695,82384,3379,392,Madurai,Street Food,2023-04-03
VID1068,Anbu Samayal,Restaurant Reviews in Tiruchirapalli #640,76775,3960,405,Tiruchirapalli,Restaurant Reviews,2023-04-24
VID1069,Madras Samayal,Restaurant Reviews in Salem #696,115144,1525,607,Salem,Restaurant Reviews,2023-06-16
VID1070,Anbu Samayal,Village Cooking in Tiruchirapalli #597,136647,1351,764,Tiruchirapalli,Village Cooking,2023-06-24
VID1071,Chef Deena,Street Food in Madurai #512,43298,1817,156,Madurai,Street Food,2023-04-18
VID1072,Village Food Factory,Village Cooking in Tiruchirapalli #285,5971,3276,169,Tiruchirapalli,Village Cooking,2023-04-11
VID1073,Village Food Factory,Snacks in Chennai #932,104933,2744,72,Chennai,Snacks,2023-01-13
VID1074,Chef Deena,Street Food in Madurai #44,33931,1825,528,Madurai,Street Food,2023-06-16
VID1075,Madras Samayal,Street Food in Salem #931,37822,1649,517,Salem,Street Food,2023-03-28
VID1076,Chef Deena,Village Cooking in Coimbatore #718,54325,440,907,Coimbatore,Village Cooking,2023-04-12
VID1077,Anbu Samayal,Traditional Meals in Madurai #668,24211,2696,576,Madurai,Traditional Meals,2023-01-07
VID1078,Chef Deena,Restaurant Reviews in Salem #928,47266,2862,244,Salem,Restaurant Reviews,2023-04-19
VID1079,Chef Deena,Village Cooking in Madurai #540,146899,2643,98,Madurai,Village Cooking,2023-03-24
VID1080,Anbu Samayal,Restaurant Reviews in Coimbatore #420,73128,2422,161,Coimbatore,Restaurant Reviews,2023-06-02
VID1081,Foodie Tamilan,Village Cooking in Madurai #859,122229,2411,657,Madurai,Village Cooking,2023-06-13
VID1082,Village Food Factory,Snacks in Salem #748,117488,2924,56,Salem,Snacks,2023-02-07
VID1083,Madras Samayal,Snacks in Salem #528,5344,3183,387,Salem,Snacks,2023-03-22
VID1084,Foodie Tamilan,Street Food in Salem #985,78597,2193,970,Salem,Street Food,2023-02-21
VID1085,Anbu Samayal,Traditional Meals in Tiruchirapalli #901,60360,2562,900,Tiruchirapalli,Traditional Meals,2023-05-11
VID1086,Foodie Tamilan,Street Food in Salem #824,68669,1035,347,Salem,Street Food,2023-04-19
VID1087,Chef Deena,Village Cooking in Salem #286,127209,1173,820,Salem,Village Cooking,2023-01-31
VID1088,Anbu Samayal,Traditional Meals in Madurai #831,48586,4526,99,Madurai,Traditional Meals,2023-06-23
VID1089,Chef Deena,Traditional Meals in Tiruchirapalli #401,55033,1558,598,Tiruchirapalli,Traditional Meals,2023-01-27
VID1090,Anbu Samayal,Restaurant Reviews in Madurai #64,61541,3230,216,Madurai,Restaurant Reviews,2023-03-03
VID1091,Anbu Samayal,Village Cooking in Tiruchirapalli #5,86384,2418,114,Tiruchirapalli,Village Cooking,2023-05-01
VID1092,Foodie Tamilan,Village Cooking in Chennai #424,117392,4574,235,Chennai,Village Cooking,2023-02-27
VID1093,Foodie Tamilan,Traditional Meals in Madurai #403,33316,858,780,Madurai,Traditional Meals,2023-02-07
VID1094,Anbu Samayal,Snacks in Coimbatore #903,108221,636,827,Coimbatore,Snacks,2023-02-14
VID1095,Village Food Factory,Village Cooking in Tiruchirapalli #289,124469,4975,619,Tiruchirapalli,Village Cooking,2023-06-02
VID1096,Anbu Samayal,Village Cooking in Tiruchirapalli #147,20430,2493,815,Tiruchirapalli,Village Cooking,2023-06-06
VID1097,Anbu Samayal,Snacks in Madurai #243,136199,2840,258,Madurai,Snacks,2023-06-11
VID1098,Madras Samayal,Snacks in Salem #376,104311,3526,422,Salem,Snacks,2023-02-20
VID1099,Foodie Tamilan,Traditional Meals in Salem #281,124538,3883,445,Salem,Traditional Meals,2023-06-08
VID1100,Village Food Factory,Village Cooking in Salem #905,102823,2659,896,Salem,Village Cooking,2023-02-25
VID1101,Chef Deena,Traditional Meals in Coimbatore #421,108288,4438,269,Coimbatore,Traditional Meals,2023-02-02
VID1102,Village Food Factory,Restaurant Reviews in Chennai #650,15871,4990,528,Chennai,Restaurant Reviews,2023-01-26
VID1103,Village Food Factory,Snacks in Salem #687,113393,201,776,Salem,Snacks,2023-02-12
VID1104,Chef Deena,Snacks in Tiruchirapalli #450,105733,2655,91,Tiruchirapalli,Snacks,2023-04-18
VID1105,Chef Deena,Traditional Meals in Chennai #330,134575,2007,42,Chennai,Traditional Meals,2023-03-14
VID1106,Village Food Factory,Restaurant Reviews in Coimbatore #481,47711,1326,784,Coimbatore,Restaurant Reviews,2023-04-26
VID1107,Village Food Factory,Traditional Meals in Coimbatore #198,95843,1440,848,Coimbatore,Traditional Meals,2023-06-16
VID1108,Madras Samayal,Traditional Meals in Tiruchirapalli #25,86629,3620,105,Tiruchirapalli,Traditional Meals,2023-03-25
VID1109,Anbu Samayal,Snacks in Tiruchirapalli #971,32643,4400,104,Tiruchirapalli,Snacks,2023-02-11
VID1110,Madras Samayal,Village Cooking in Salem #540,59279,3790,862,Salem,Village Cooking,2023-02-07
VID1111,Village Food Factory,Traditional Meals in Chennai #446,111399,2104,315,Chennai,Traditional Meals,2023-04-04
VID1112,Foodie Tamilan,Traditional Meals in Chennai #551,12699,1732,693,Chennai,Traditional Meals,2023-06-06
VID1113,Chef Deena,Street Food in Chennai #504,19390,2188,88,Chennai,Street Food,2023-02-08
VID1114,Village Food Factory,Street Food in Salem #659,91749,1081,89,Salem,Street Food,2023-06-27
VID1115,Madras Samayal,Village Cooking in Salem #281,12321,2008,167,Salem,Village Cooking,2023-02-06
VID1116,Chef Deena,Traditional Meals in Madurai #119,137242,2618,413,Madurai,Traditional Meals,2023-04-03
VID1117,Foodie Tamilan,Restaurant Reviews in Chennai #813,16027,259,809,Chennai,Restaurant Reviews,2023-04-13
VID1118,Foodie Tamilan,Street Food in Madurai #491,34824,1529,887,Madurai,Street Food,2023-03-27
VID1119,Anbu Samayal,Village Cooking in Coimbatore #664,139872,318,316,Coimbatore,Village Cooking,2023-01-14
VID1120,Madras Samayal,Street Food in Coimbatore #171,125917,2325,337,Coimbatore,Street Food,2023-06-28
VID1121,Foodie Tamilan,Traditional Meals in Madurai #290,6123,3267,620,Madurai,Traditional Meals,2023-06-21
VID1122,Village Food Factory,Village Cooking in Chennai #841,108354,4180,539,Chennai,Village Cooking,2023-06-06
VID1123,Anbu Samayal,Traditional Meals in Madurai #607,88589,3634,401,Madurai,Traditional Meals,2023-06-26
VID1124,Village Food Factory,Village Cooking in Madurai #973,14273,2382,492,Madurai,Village Cooking,2023-03-07
VID1125,Chef Deena,Traditional Meals in Madurai #275,59712,388,724,Madurai,Traditional Meals,2023-03-23
VID1126,Village Food Factory,Street Food in Tiruchirapalli #879,103375,4532,338,Tiruchirapalli,Street Food,2023-02-26
VID1127,Madras Samayal,Restaurant Reviews in Coimbatore #350,100998,4246,172,Coimbatore,Restaurant Reviews,2023-05-16
VID1128,Anbu Samayal,Snacks in Chennai #580,141472,1120,544,Chennai,Snacks,2023-06-01
VID1129,Village Food Factory,Restaurant Reviews in Madurai #951,20599,4435,531,Madurai,Restaurant Reviews,2023-02-13
VID1130,Chef Deena,Snacks in Madurai #399,20763,542,572,Madurai,Snacks,2023-01-08
VID1131,Madras Samayal,Traditional Meals in Chennai #763,137615,2480,189,Chennai,Traditional Meals,2023-04-10
VID1132,Anbu Samayal,Village Cooking in Salem #170,80691,2741,963,Salem,Village Cooking,2023-03-22
VID1133,Village Food Factory,Snacks in Tiruchirapalli #248,92699,1774,207,Tiruchirapalli,Snacks,2023-01-08
VID1134,Chef Deena,Snacks in Coimbatore #989,103916,824,544,Coimbatore,Snacks,2023-01-17
VID1135,Village Food Factory,Snacks in Salem #473,36563,3623,887,Salem,Snacks,2023-02-01
VID1136,Village Food Factory,Village Cooking in Tiruchirapalli #159,108792,1521,176,Tiruchirapalli,Village Cooking,2023-06-21
VID1137,Anbu Samayal,Snacks in Madurai #877,60964,3455,718,Madurai,Snacks,2023-01-18
VID1138,Village Food Factory,Traditional Meals in Coimbatore #744,121216,957,713,Coimbatore,Traditional Meals,2023-01-21
VID1139,Anbu Samayal,Village Cooking in Salem #278,120194,2762,542,Salem,Village Cooking,2023-02-01
VID1140,Chef Deena,Snacks in Coimbatore #140,112129,4937,141,Coimbatore,Snacks,2023-03-20
VID1141,Anbu Samayal,Snacks in Tiruchirapalli #634,73028,4769,571,Tiruchirapalli,Snacks,2023-05-29
VID1142,Madras Samayal,Traditional Meals in Coimbatore #906,147104,4435,621,Coimbatore,Traditional Meals,2023-01-16
VID1143,Anbu Samayal,Traditional Meals in Coimbatore #752,123474,3083,969,Coimbatore,Traditional Meals,2023-06-23
VID1144,Village Food Factory,Street Food in Coimbatore #629,15458,2657,466,Coimbatore,Street Food,2023-04-08
VID1145,Chef Deena,Traditional Meals in Coimbatore #517,44146,804,809,Coimbatore,Traditional Meals,2023-04-17
VID1146,Village Food Factory,Traditional Meals in Chennai #996,83053,3049,585,Chennai,Traditional Meals,2023-03-08
VID1147,Foodie Tamilan,Restaurant Reviews in Salem #668,13909,4805,683,Salem,Restaurant Reviews,2023-05-25
VID1148,Foodie Tamilan,Traditional Meals in Tiruchirapalli #690,10901,1263,957,Tiruchirapalli,Traditional Meals,2023-03-25
VID1149,Village Food Factory,Snacks in Coimbatore #339,64459,3015,249,Coimbatore,Snacks,2023-02-21
VID1150,Village Food Factory,Restaurant Reviews in Salem #991,62145,4596,928,Salem,Restaurant Reviews,2023-05-04
VID1151,Chef Deena,Traditional Meals in Madurai #180,47071,4564,60,Madurai,Traditional Meals,2023-02-13
VID1152,Village Food Factory,Street Food in Madurai #12,59582,3527,748,Madurai,Street Food,2023-03-24
VID1153,Madras Samayal,Traditional Meals in Tiruchirapalli #575,45268,2503,955,Tiruchirapalli,Traditional Meals,2023-01-21
VID1154,Anbu Samayal,Restaurant Reviews in Chennai #393,123210,3532,539,Chennai,Restaurant Reviews,2023-05-28
VID1155,Madras Samayal,Street Food in Coimbatore #7,49396,3548,208,Coimbatore,Street Food,2023-05-10
VID1156,Foodie Tamilan,Traditional Meals in Salem #953,80278,2156,564,Salem,Traditional Meals,2023-05-30
VID1157,Madras Samayal,Snacks in Madurai #151,148254,633,154,Madurai,Snacks,2023-02-11
VID1158,Village Food Factory,Snacks in Tiruchirapalli #409,115477,2109,240,Tiruchirapalli,Snacks,2023-02-07
VID1159,Chef Deena,Restaurant Reviews in Chennai #286,25126,804,623,Chennai,Restaurant Reviews,2023-01-07
VID1160,Village Food Factory,Restaurant Reviews in Madurai #929,76070,4954,88,Madurai,Restaurant Reviews,2023-04-22
VID1161,Village Food Factory,Traditional Meals in Madurai #524,145028,4176,271,Madurai,Traditional Meals,2023-05-17
VID1162,Chef Deena,Village Cooking in Tiruchirapalli #710,130984,1138,406,Tiruchirapalli,Village Cooking,2023-05-01
VID1163,Chef Deena,Restaurant Reviews in Tiruchirapalli #562,28528,1442,765,Tiruchirapalli,Restaurant Reviews,2023-05-19
VID1164,Madras Samayal,Village Cooking in Tiruchirapalli #951,20157,4358,978,Tiruchirapalli,Village Cooking,2023-05-14
VID1165,Chef Deena,Street Food in Madurai #294,22022,3787,267,Madurai,Street Food,2023-03-03
VID1166,Village Food Factory,Restaurant Reviews in Madurai #280,134969,1712,28,Madurai,Restaurant Reviews,2023-04-27
VID1167,Chef Deena,Restaurant Reviews in Madurai #756,91565,352,548,Madurai,Restaurant Reviews,2023-03-06
VID1168,Foodie Tamilan,Restaurant Reviews in Tiruchirapalli #567,114535,2133,356,Tiruchirapalli,Restaurant Reviews,2023-04-08
VID1169,Anbu Samayal,Restaurant Reviews in Madurai #218,33228,3918,155,Madurai,Restaurant Reviews,2023-05-05
VID1170,Madras Samayal,Street Food in Madurai #438,141917,1301,856,Madurai,Street Food,2023-04-06
VID1171,Village Food Factory,Snacks in Coimbatore #581,114558,3656,1000,Coimbatore,Snacks,2023-05-23
VID1172,Foodie Tamilan,Street Food in Salem #330,34343,3923,931,Salem,Street Food,2023-05-20
VID1173,Anbu Samayal,Village Cooking in Tiruchirapalli #213,47134,4407,102,Tiruchirapalli,Village Cooking,2023-05-01
VID1174,Madras Samayal,Restaurant Reviews in Madurai #373,124513,4344,629,Madurai,Restaurant Reviews,2023-01-31
VID1175,Madras Samayal,Restaurant Reviews in Madurai #63,41411,1307,547,Madurai,Restaurant Reviews,2023-01-04
VID1176,Foodie Tamilan,Street Food in Chennai #572,48950,395,877,Chennai,Street Food,2023-05-26
VID1177,Anbu Samayal,Traditional Meals in Tiruchirapalli #761,106578,473,518,Tiruchirapalli,Traditional Meals,2023-01-11
VID1178,Village Food Factory,Village Cooking in Chennai #318,48439,3680,861,Chennai,Village Cooking,2023-01-24
VID1179,Madras Samayal,Snacks in Tiruchirapalli #134,70846,1434,176,Tiruchirapalli,Snacks,2023-04-03
VID1180,Anbu Samayal,Traditional Meals in Salem #44,140570,765,107,Salem,Traditional Meals,2023-06-08
VID1181,Chef Deena,Street Food in Madurai #608,25699,2508,548,Madurai,Street Food,2023-06-29
VID1182,Madras Samayal,Village Cooking in Chennai #523,133938,2079,206,Chennai,Village Cooking,2023-06-02
VID1183,Chef Deena,Street Food in Chennai #891,75081,4944,249,Chennai,Street Food,2023-02-14
VID1184,Foodie Tamilan,Snacks in Salem #754,75603,812,156,Salem,Snacks,2023-03-15
VID1185,Madras Samayal,Restaurant Reviews in Coimbatore #683,112541,826,145,Coimbatore,Restaurant Reviews,2023-06-15
VID1186,Village Food Factory,Restaurant Reviews in Salem #719,132064,1553,808,Salem,Restaurant Reviews,2023-03-13
VID1187,Foodie Tamilan,Street Food in Chennai #752,94385,4863,82,Chennai,Street Food,2023-05-14
VID1188,Village Food Factory,Traditional Meals in Chennai #143,81093,1701,161,Chennai,Traditional Meals,2023-03-20
VID1189,Anbu Samayal,Restaurant Reviews in Madurai #807,97804,717,706,Madurai,Restaurant Reviews,2023-02-10
VID1190,Village Food Factory,Street Food in Chennai #859,35757,3162,525,Chennai,Street Food,2023-06-03
VID1191,Madras Samayal,Snacks in Chennai #624,39790,1122,798,Chennai,Snacks,2023-01-19
VID1192,Chef Deena,Restaurant Reviews in Tiruchirapalli #360,92976,2928,590,Tiruchirapalli,Restaurant Reviews,2023-06-19
VID1193,Village Food Factory,Snacks in Madurai #259,71842,3618,651,Madurai,Snacks,2023-03-22
VID1194,Chef Deena,Village Cooking in Madurai #835,82943,1829,426,Madurai,Village Cooking,2023-03-16
VID1195,Foodie Tamilan,Snacks in Tiruchirapalli #451,104958,1382,94,Tiruchirapalli,Snacks,2023-05-11
VID1196,Anbu Samayal,Village Cooking in Tiruchirapalli #172,44941,1763,787,Tiruchirapalli,Village Cooking,2023-02-26
VID1197,Chef Deena,Traditional Meals in Madurai #624,136858,2807,319,Madurai,Traditional Meals,2023-03-16
VID1198,Chef Deena,Village Cooking in Chennai #257,22579,3085,81,Chennai,Village Cooking,2023-01-28
VID1199,Chef Deena,Street Food in Tiruchirapalli #852,42124,1491,127,Tiruchirapalli,Street Food,2023-05-17
